33e195f0-e392-45a9-8df1-3c9fc5bb65b2,BLACKLIST
41e88530-5c31-4b03-ae53-06ec3a50e0f4,BLACKLIST
f41e6ddc-f762-42e8-80b9-b0f6077a5f02,BLACKLIST
523662a5-105d-4e85-b681-d29621ebbb2e,BLACKLIST
3c679183-1a8a-4e58-9f53-6ebf92ccc7ea,BLACKLIST
b64d7af9-844d-41cc-a9ce-1d02c76b22ce,BLACKLIST
dd31ebf9-6aa2-4621-9f56-707f2fc6d79b,BLACKLIST
b40d1bc6-43b2-4bc0-9f8c-2e9d3ba6a310,BLACKLIST
083f45fa-a930-414d-8ed0-4410695e4b68,BLACKLIST
40d88924-9db9-4af6-95c7-6f758f722e5c,BLACKLIST
9a167052-056f-4e5e-996d-d6ec13027aca,BLACKLIST
8a5d6c8d-ba37-4385-9770-bf82d56ca638,BLACKLIST
fb469a96-cfaa-4765-a369-5886709c81c6,BLACKLIST
141be8b0-5c60-403e-98a8-3d4187769304,BLACKLIST
523f8786-58fd-4473-bb57-d1e6b662b8fa,BLACKLIST
bcd1f7cf-b3cb-4e8d-85c6-363f9ccc2203,BLACKLIST
a16de1d4-4ce6-4d4a-b76e-7f04140be927,BLACKLIST
fa024df1-3718-48ee-a21a-fc03507b9986,BLACKLIST
