FixedAmountVoucher,23560eed-63d5-4433-b4df-172f63a68354,123
PercentDiscountVoucher,4511aecb-b2a2-4d4d-acc4-ec412d65c4bf,30
FixedAmountVoucher,fd159de2-8d0e-4d8c-9d82-d0004bfc4cf5,123
FixedAmountVoucher,7b68f58c-72cf-4c6d-a5b1-4324440d47fb,123
FixedAmountVoucher,d814e4ec-262e-4cce-99c4-d58eee8456c6,123
FixedAmountVoucher,162b03e0-e5bb-4ac0-86e4-09ad39ffd820,123
FixedAmountVoucher,f90a99f4-e0ae-4f9a-8db0-967c7f1bdb8b,123
FixedAmountVoucher,c956364c-324a-4d8c-800f-0613f3b7431f,154
FixedAmountVoucher,af12d94d-d636-4ce3-8699-f7b085e16e2d,890
FixedAmountVoucher,c4289e33-6e19-4792-9c28-837b8312436b,123
